{
  "1": {
    "name": "日本の家",
    "background": [
      {"layer":  2, "x":   0, "y":   0, "path":"japan.bg/bg.png"}
    ]
  },
  "2": {
    "name": "仏像広場",
    "background": [
      {"layer":  0, "x":   0, "y":   0, "path":"india.bg/sky.png"},
      {"layer":  0, "x": 576, "y":  54, "path":"india.bg/cloud1.png"},
      {"layer":  0, "x": 228, "y":   8, "path":"india.bg/cloud2.png"},
      {"layer":  0, "x": -72, "y":  24, "path":"india.bg/cloud1.png"},
      {"layer":  1, "x":   0, "y":   0, "path":"india.bg/bg.png"},
      {"layer": 10, "x":1191, "y": -75, "path":"india.bg/leave3.png"},
      {"layer": 10, "x":1062, "y": -90, "path":"india.bg/leave2.png"},
      {"layer": 10, "x": 959, "y":-106, "path":"india.bg/leave1.png"},
      {"layer": 10, "x": 441, "y": 389, "path":"india.bg/smoke_00.png",                              "ani":true},
      {"layer": 10, "x": 342, "y":  43, "path":"india.bg/2_flag01.png",                              "ani":true},
      {"layer": 10, "x": 662, "y":  46, "path":"india.bg/1_flag01.png",                              "ani":true},
      {"layer": 10, "x": 814, "y":  14, "path":"india.bg/3_flag01.png",                              "ani":true}
    ]
  },
  "3": {
    "name": "ヴェネツィア",
    "background": [
      {"layer":  0, "x":   0, "y":   0, "path":"venetia.bg/bg.png"},
      {"layer":  1, "x": 354, "y": 547, "path":"venetia.bg/lodka1.png"},
      {"layer":  1, "x": 983, "y": 373, "path":"venetia.bg/lodka2.png"},
      {"layer":  2, "x": 605, "y": 517, "path":"venetia.bg/lodka1_cover.png"},
      {"layer":  2, "x":1009, "y": 364, "path":"venetia.bg/lodka2_cover.png"}
    ]
  },
  "4": {
    "name": "マヤの神殿",
    "background": [
      {"layer":  0, "x": 453, "y": 100, "path":"maya_temple.bg/sky.png"},
      {"layer":  0, "x": 228, "y":  51, "path":"maya_temple.bg/cloud_04.png",                        "type":"skip"},
      {"layer":  0, "x": 128, "y": 163, "path":"maya_temple.bg/cloud_05.png",                        "type":"skip"},
      {"layer":  1, "x":   0, "y":   0, "path":"maya_temple.bg/bg.png"},
      {"layer":  3, "x": 644, "y": 337, "path":"maya_temple.bg/eye_light.png",                       "type":"effect"},
      {"layer":  9, "x": 411, "y":   0, "path":"maya_temple.bg/bush_1.png"},
      {"layer":  9, "x": 817, "y":   0, "path":"maya_temple.bg/bush_2.png"}
    ]
  },
  "5": {
    "name": "ゴーストタウン",
    "background": [
      {"layer":  2, "x":   0, "y":   0, "path":"ghost_city.bg/bg.png"},
      {"layer":  2, "x": 378, "y": 292, "path":"ghost_city.bg/ghost1.png",                           "type":"effect"},
      {"layer":  2, "x": 935, "y": 318, "path":"ghost_city.bg/ghost2.png",                           "type":"effect"},
      {"layer":  2, "x": 345, "y": 280, "path":"ghost_city.bg/ghost1_cover.png",                     "type":"effect"},
      {"layer":  2, "x": 733, "y": 264, "path":"ghost_city.bg/ghost2_cover.png",                     "type":"effect"},
      {"layer":  2, "x": 696, "y": 244, "path":"ghost_city.bg/fog.png",                              "type":"effect"},
      {"layer":  2, "x": 806, "y": 275, "path":"ghost_city.bg/glow1.png",                            "type":"effect"},
      {"layer":  2, "x": 651, "y": 275, "path":"ghost_city.bg/glow2.png",                            "type":"effect"},
      {"layer": 22, "x":   0, "y": 376, "path":"ghost_city.bg/smoke.png",                            "type":"effect"},
      {"layer": 22, "x": 268, "y": 355, "path":"ghost_city.bg/smoke1.png",                           "type":"skip"},
      {"layer": 22, "x": 676, "y": 450, "path":"ghost_city.bg/smoke2.png",                           "type":"skip"}
    ]
  },
  "6": {
    "name": "楽しいカフェ",
    "background": [
      {"layer":  1, "x": 597, "y":   0, "path":"brazil.bg/sky.png"},
      {"layer":  2, "x": 628, "y": 232, "path":"brazil.bg/cloud1.png"},
      {"layer":  2, "x": 882, "y": 173, "path":"brazil.bg/cloud2.png"},
      {"layer":  2, "x": 653, "y":  61, "path":"brazil.bg/cloud3.png"},
      {"layer":  2, "x": 976, "y": 203, "path":"brazil.bg/cloud4.png"},
      {"layer":  3, "x":   0, "y":   0, "path":"brazil.bg/bg.png"},
      {"layer": 10, "x":1125, "y":   0, "path":"brazil.bg/lamp_left.png"},
      {"layer": 10, "x": 746, "y":   0, "path":"brazil.bg/lamp_center.png"},
      {"layer": 10, "x": 383, "y":   0, "path":"brazil.bg/lamp_right.png"},
      {"layer": 10, "x": 489, "y": 326, "path":"brazil.bg/propeller_01.png",                            "ani":true},
      {"layer": 10, "x": 481, "y": 319, "path":"brazil.bg/propeller_mask.png"}
    ]
  },
  "7": {
    "name": "南極基地",
    "background": [
      {"layer":  0, "x":   0, "y":   0, "path":"polar_station.bg/sky.png"},
      {"layer":  0, "x": 128, "y":  46, "path":"polar_station.bg/cloud_1.png"},
      {"layer":  0, "x": 450, "y":  11, "path":"polar_station.bg/cloud_2.png"},
      {"layer":  0, "x": 790, "y":  12, "path":"polar_station.bg/cloud_3.png"},
      {"layer":  0, "x": 313, "y":  31, "path":"polar_station.bg/f_01.png",                          "ani":true},
      {"layer":  0, "x": 476, "y":  19, "path":"polar_station.bg/medved_01.png",                     "ani":true},
      {"layer":  1, "x":   0, "y":   0, "path":"polar_station.bg/bg.png"},
      {"layer":  4, "x": 228, "y": 217, "path":"polar_station.bg/cover_tractor.png",                 "type":"skip"},
      {"layer":200, "x": 942, "y": -12, "path":"polar_station.bg/wire2.png"},
      {"layer":200, "x": 939, "y": -19, "path":"polar_station.bg/wire1.png"}
    ]
  },
  "8": {
    "name": "墜落した飛行機",
    "background": [
      {"layer":  0, "x": 228, "y":   0, "path":"plane.bg/back.png"},
      {"layer":  1, "x":  -5, "y":   0, "path":"plane.bg/bg.png"},
      {"layer":  5, "x": 836, "y": 537, "path":"plane.bg/snail2.png",                              "type":"skip"},
      {"layer":  6, "x": 733, "y": 409, "path":"plane.bg/cover_snail2.png",                          "type":"skip"},
      {"layer": 23, "x": 895, "y": 283, "path":"plane.bg/snail1.png",                              "type":"skip"},
      {"layer":401, "x": 880, "y": 272, "path":"plane.bg/cover_snail1.png",                          "type":"skip"},
      {"layer":500, "x":-155, "y":-107, "path":"plane.bg/leaf1.png"},
      {"layer":500, "x":1153, "y": 207, "path":"plane.bg/leaf2.png"},
      {"layer":500, "x":1116, "y": 297, "path":"plane.bg/leaf3.png"},
      {"layer":505, "x":1068, "y": 110, "path":"plane.bg/glow1.png",                                 "type":"effect"},
      {"layer":505, "x": 807, "y":   0, "path":"plane.bg/glow2.png",                                 "type":"effect"}
    ]
  },
  "9": {
    "name": "遊園地",
    "background": [
      {"layer":  0, "x":   0, "y":   0, "path":"london.bg/sky.png"},
      {"layer":  1, "x": 683, "y":  72, "path":"london.bg/cloud_01.png"},
      {"layer":  1, "x": 771, "y":  43, "path":"london.bg/cloud_02.png"},
      {"layer":  1, "x": 633, "y":  80, "path":"london.bg/cloud_03.png"},
      {"layer":  1, "x":-291, "y":  72, "path":"london.bg/cloud_04.png"},
      {"layer":  1, "x": 810, "y":  90, "path":"london.bg/cloud_05.png"},
      {"layer":  1, "x": 333, "y":  30, "path":"london.bg/cloud_03.png"},
      {"layer":  1, "x":  78, "y": -10, "path":"london.bg/cloud_05.png"},
      {"layer":  1, "x":-512, "y":  60, "path":"london.bg/cloud_02.png",                             "type":"skip"},
      {"layer":  2, "x":1304, "y":  88, "path":"london.bg/viveska.png",                              "type":"skip"},
      {"layer":  2, "x":1252, "y":  88, "path":"london.bg/plane.png",                                "type":"skip"},
      {"layer":  2, "x":   0, "y":   0, "path":"london.bg/bg.png"},
      {"layer": 30, "x": 206, "y":   7, "path":"london.bg/balloon1.png"},
      {"layer": 30, "x": 577, "y": 233, "path":"london.bg/balloon2.png"},
      {"layer": 30, "x": 950, "y": 148, "path":"london.bg/balloon3.png"},
      {"layer": 30, "x":1097, "y":  53, "path":"london.bg/balloon4.png"},
      {"layer": 30, "x": 243, "y": 150, "path":"london.bg/balloon1_cover.png"},
      {"layer": 30, "x": 599, "y": 316, "path":"london.bg/balloon2_cover.png"},
      {"layer": 30, "x": 980, "y": 237, "path":"london.bg/balloon3_cover.png"},
      {"layer": 30, "x":1145, "y": 187, "path":"london.bg/balloon4_cover.png"}
    ]
  },
  "10": {
    "name": "バンガロー",
    "background": [
      {"layer":  0, "x":   0, "y":   0, "path":"hawaii.bg/sky.png"},
      {"layer":  1, "x": 296, "y":   3, "path":"hawaii.bg/clouds.png",                               "type":"skip"},
      {"layer":  1, "x": 211, "y":   0, "path":"hawaii.bg/palm_1.png"},
      {"layer":  1, "x":1018, "y": -11, "path":"hawaii.bg/palm_2.png"},
      {"layer":  1, "x":   0, "y":   0, "path":"hawaii.bg/bg.png"},
      {"layer":  1, "x": 665, "y": 317, "path":"hawaii.bg/tv_pic_01.png"},
      {"layer":  1, "x": 665, "y": 317, "path":"hawaii.bg/tv_pic_02.png",                            "type":"skip"},
      {"layer":  1, "x": 665, "y": 317, "path":"hawaii.bg/tv_pic_03.png",                            "type":"skip"},
      {"layer":  2, "x": 867, "y": 331, "path":"hawaii.bg/anim_valve_01.png",                        "ani":true},
      {"layer":  2, "x": 878, "y": 345, "path":"hawaii.bg/valve_cover.png"}
    ]
  },
  "11": {
    "name": "玉座の間",
    "background": [
      {"layer":  1, "x":   0, "y":   0, "path":"throne.bg/bg.png"},
      {"layer":  1, "x": 745, "y": 182, "path":"throne.bg/glow_1.png",                               "type":"effect"},
      {"layer":  1, "x":1212, "y": 144, "path":"throne.bg/glow_2.png",                               "type":"effect"},
      {"layer": 99, "x": 463, "y": 334, "path":"throne.bg/light_glow_1.png",                         "type":"effect"},
      {"layer": 99, "x": 470, "y": 336, "path":"throne.bg/light_glow_1.png",                         "type":"effect"},
      {"layer": 99, "x":1068, "y": 277, "path":"throne.bg/light_glow_2.png",                         "type":"effect"},
      {"layer": 99, "x":1082, "y": 290, "path":"throne.bg/light_glow_2.png",                         "type":"effect"},
      {"layer": 99, "x":1104, "y": 278, "path":"throne.bg/light_glow_2.png",                         "type":"effect"},
      {"layer":100, "x":1107, "y": 286, "path":"throne.bg/light_1.png"},
      {"layer":100, "x":1142, "y": 286, "path":"throne.bg/light_2.png"},
      {"layer":100, "x":1123, "y": 302, "path":"throne.bg/light_3.png"},
      {"layer":100, "x":1161, "y": 375, "path":"throne.bg/light_4.png"},
      {"layer":100, "x":1211, "y": 371, "path":"throne.bg/light_5.png"},
      {"layer":100, "x": 492, "y": 347, "path":"throne.bg/light_6.png"},
      {"layer":100, "x": 485, "y": 348, "path":"throne.bg/light_7.png"},
      {"layer":100, "x":1114, "y": 378, "path":"throne.bg/light_8.png"},
      {"layer":100, "x":1085, "y": 379, "path":"throne.bg/light_9.png"},
      {"layer":100, "x": 784, "y": 375, "path":"throne.bg/light_10.png"},
      {"layer":100, "x": 794, "y": 388, "path":"throne.bg/light_11.png"},
      {"layer":100, "x": 773, "y": 390, "path":"throne.bg/light_12.png"}
    ]
  },
  "12": {
    "name": "霧の中の小屋",
    "background": [
      {"layer":  1, "x": 855, "y": 202, "path":"ferm.bg/back.png"},
      {"layer":  1, "x": 950, "y": 251, "path":"ferm.bg/propeller.png"},
      {"layer":  1, "x": 783, "y": 162, "path":"ferm.bg/wood1.png"},
      {"layer":  1, "x": 933, "y":  90, "path":"ferm.bg/wood2.png"},
      {"layer":  2, "x":   0, "y":   0, "path":"ferm.bg/bg.png"}
    ]
  },
  "13": {
    "name": "夜の庭",
    "background": [
      {"layer":  3, "x":   0, "y":   0, "path":"garden.bg/bg.png"},
      {"layer":  6, "x":1064, "y": 239, "path":"garden.bg/glow1.png",                                "type":"effect"},
      {"layer":  6, "x": 881, "y": 251, "path":"garden.bg/glow2.png",                                "type":"effect"},
      {"layer":  6, "x": 413, "y": 257, "path":"garden.bg/glow3.png",                                "type":"effect"},
      {"layer":  6, "x": 228, "y": 233, "path":"garden.bg/glow4.png",                                "type":"effect"}
    ]
  },
  "14": {
    "name": "宏壮なオフィス",
    "background": [
      {"layer":  1, "x": 208, "y":  61, "path":"kabinet.bg/sky.png"},
      {"layer":  2, "x": 328, "y": 230, "path":"kabinet.bg/cloud1.png"},
      {"layer":  2, "x": 218, "y": 290, "path":"kabinet.bg/cloud2.png",                              "type":"skip"},
      {"layer":  2, "x": 428, "y": 140, "path":"kabinet.bg/cloud3.png"},
      {"layer":  3, "x":   0, "y":   0, "path":"kabinet.bg/bg.png"},
      {"layer":  8, "x": 311, "y":  73, "path":"kabinet.bg/light.png",                               "type":"effect"},
      {"layer":  8, "x": 271, "y":  70, "path":"kabinet.bg/glow.png",                                "type":"effect"}
    ]
  },
  "15": {
    "name": "古い図書室",
    "background": [
      {"layer":  1, "x":   0, "y":   0, "path":"library.bg/bg.png"},
      {"layer":  2, "x": 735, "y": 540, "path":"library.bg/cat.png"},
      {"layer":  2, "x": 888, "y": 175, "path":"library.bg/owl.png"},
      {"layer":  2, "x": 412, "y": 319, "path":"library.bg/light.png"},
      {"layer":  2, "x":1091, "y": 149, "path":"library.bg/light.png"},
      {"layer":  2, "x": 723, "y": -13, "path":"library.bg/light.png"},
      {"layer":  2, "x": 560, "y":  -5, "path":"library.bg/light.png"},
      {"layer":  2, "x": 692, "y":  23, "path":"library.bg/light.png"},
      {"layer":  2, "x": 618, "y":  26, "path":"library.bg/light.png"},
      {"layer":  6, "x": 318, "y": 193, "path":"library.bg/door_glow1.png",                          "type":"effect"},
      {"layer":  6, "x": 314, "y": 224, "path":"library.bg/door_glow2.png",                          "type":"skip"},
      {"layer":  6, "x": 900, "y": 187, "path":"library.bg/eye.png",                                 "type":"effect"},
      {"layer":  6, "x": 259, "y": 173, "path":"library.bg/glow.png",                                "type":"effect"},
      {"layer":  6, "x": 945, "y":   4, "path":"library.bg/glow.png",                                "type":"effect"},
      {"layer":  6, "x": 407, "y":-150, "path":"library.bg/glow.png",                                "type":"effect"},
      {"layer":  6, "x": 466, "y":-118, "path":"library.bg/glow.png",                                "type":"effect"},
      {"layer":  6, "x": 536, "y":-118, "path":"library.bg/glow.png",                                "type":"effect"},
      {"layer":  6, "x": 568, "y":-144, "path":"library.bg/glow.png",                                "type":"effect"},
      {"layer":  6, "x": 548, "y":   0, "path":"library.bg/lustre.png"}
    ]
  },
  "16": {
    "name": "風車小屋",
    "background": [
      {"layer":  1, "x":   0, "y":   0, "path":"mill.bg/sky.png"},
      {"layer":  2, "x": 451, "y":  70, "path":"mill.bg/cloud_1.png"},
      {"layer":  2, "x": 729, "y":   4, "path":"mill.bg/cloud_2.png"},
      {"layer":  2, "x": 505, "y":   3, "path":"mill.bg/cloud_3.png"},
      {"layer":  2, "x":   0, "y":   0, "path":"mill.bg/bg.png"},
      {"layer":  6, "x": 250, "y":  83, "path":"mill.bg/eye.png"},
      {"layer":  6, "x": 828, "y":   0, "path":"mill.bg/mill1.png"},
      {"layer":  6, "x": 653, "y":  87, "path":"mill.bg/mill2.png"},
      {"layer":  6, "x": 473, "y": 135, "path":"mill.bg/mill3.png"}
    ]
  },
  "17": {
    "name": "東洋のバザール",
    "background": [
      {"layer":  2, "x":   0, "y":   0, "path":"grand_bazaar.bg/bg.png"},
      {"layer": 10, "x": 310, "y":   0, "path":"grand_bazaar.bg/glow.png",                           "type":"effect"}
    ]
  },
  "18": {
    "name": "奇術師の部屋",
    "background": [
      {"layer":  2, "x":   0, "y":   0, "path":"magician_room.bg/bg.png"},
      {"layer":  6, "x": 889, "y":  84, "path":"magician_room.bg/win_glow1.png",                     "type":"effect"},
      {"layer":  6, "x": 670, "y":  97, "path":"magician_room.bg/win_glow2.png",                     "type":"effect"},
      {"layer":  6, "x": 849, "y": 123, "path":"magician_room.bg/win_glow3.png",                     "type":"effect"},
      {"layer":  6, "x": 814, "y": 172, "path":"magician_room.bg/glow1.png",                         "type":"effect"},
      {"layer":  6, "x": 966, "y": 320, "path":"magician_room.bg/fire1.png"},
      {"layer":  6, "x": 578, "y":  11, "path":"magician_room.bg/glow2.png",                         "type":"effect"},
      {"layer":  6, "x": 667, "y":  95, "path":"magician_room.bg/fire2.png"},
      {"layer":  6, "x": 612, "y":  -1, "path":"magician_room.bg/glow3.png",                         "type":"effect"},
      {"layer":  6, "x": 698, "y":  83, "path":"magician_room.bg/fire3.png"},
      {"layer":  6, "x": 638, "y":  16, "path":"magician_room.bg/glow4.png",                         "type":"effect"},
      {"layer":  6, "x": 728, "y": 100, "path":"magician_room.bg/fire4.png"},
      {"layer":  6, "x": 519, "y":  -2, "path":"magician_room.bg/glow5.png",                         "type":"effect"},
      {"layer":  6, "x": 608, "y":  82, "path":"magician_room.bg/fire5.png"}
    ]
  },
  "19": {
    "name": "魔女の小屋",
    "background": [
      {"layer":  2, "x":   0, "y":   0, "path":"witch_hut.bg/bg.png"},
      {"layer":  5, "x": 942, "y": 508, "path":"witch_hut.bg/cellar_glow.png"},
      {"layer":  5, "x": 917, "y": 510, "path":"witch_hut.bg/cellar_smoke_image_0000__0027_floor_fog_00000.png",  "type":"effect", "ani":true},
      {"layer":  6, "x": 228, "y":   0, "path":"witch_hut.bg/win_glow.png",                          "type":"effect"},
      {"layer": 10, "x": 126, "y":  16, "path":"witch_hut.bg/moon_glow1.png",                         "type":"effect"},
      {"layer": 10, "x": 826, "y": 367, "path":"witch_hut.bg/smoke_image_0000__0025_green_fog_00000.png",  "type":"effect", "ani":true},
      {"layer": 20, "x": 778, "y": 261, "path":"witch_hut.bg/light2.png"},
      {"layer": 20, "x":1011, "y": 252, "path":"witch_hut.bg/light2.png"},
      {"layer": 20, "x": 616, "y": 402, "path":"witch_hut.bg/light1.png"}
    ]
  },
  "20": {
    "name": "クリスマスイヴ",
    "background": [
      {"layer":  1, "x": 444, "y": 110, "path":"christmas.bg/back.png"},
      {"layer":  3, "x":   0, "y":   0, "path":"christmas.bg/bg.png"},
      {"layer":  3, "x": 315, "y": 127, "path":"christmas.bg/light1.png",                            "type":"effect"},
      {"layer":  3, "x": 332, "y": 132, "path":"christmas.bg/light2.png",                            "type":"skip"},
      {"layer":  3, "x": 325, "y": 114, "path":"christmas.bg/light3.png",                            "type":"skip"},
      {"layer":  3, "x": 692, "y": 425, "path":"christmas.bg/stove_fire_00.png",                     "ani":true},
      {"layer":  6, "x": 337, "y": 280, "path":"christmas.bg/light1_1.png",                          "type":"skip"},
      {"layer": 10, "x": 709, "y":   0, "path":"christmas.bg/lamp.png"}
    ]
  },
  "21": {
    "name": "デートの木",
    "background": [
      {"layer":  3, "x":   0, "y":   0, "path":"romantic_date.bg/bg.png"},
      {"layer": 10, "x": 617, "y":  91, "path":"romantic_date.bg/glow_01.png",                       "type":"effect"},
      {"layer": 10, "x": 143, "y":  72, "path":"romantic_date.bg/glow_03.png",                       "type":"effect"},
      {"layer": 10, "x": 396, "y":   8, "path":"romantic_date.bg/glow_04.png",                       "type":"effect"}
    ]
  },
  "22": {
    "name": "居酒屋",
    "background": [
      {"layer":  3, "x":   0, "y":   0, "path":"tavern.bg/bg.png"},
      {"layer":  3, "x":1093, "y": 385, "path":"tavern.bg/fire_anim_fire_01.png",                    "ani":true},
      {"layer":  3, "x": 985, "y": 314, "path":"tavern.bg/fire_glow.png",                            "type":"skip"},
      {"layer": 20, "x": 477, "y": 166, "path":"tavern.bg/light2.png"},
      {"layer": 20, "x": 505, "y": 174, "path":"tavern.bg/light2.png"},
      {"layer": 20, "x": 644, "y":  40, "path":"tavern.bg/light1.png"},
      {"layer": 20, "x": 700, "y":   2, "path":"tavern.bg/light1.png"},
      {"layer": 20, "x": 835, "y": -10, "path":"tavern.bg/light1.png"},
      {"layer": 20, "x": 943, "y":  21, "path":"tavern.bg/light1.png"},
      {"layer": 20, "x": 689, "y": 450, "path":"tavern.bg/light1.png"},
      {"layer": 20, "x": 774, "y": 430, "path":"tavern.bg/light1.png"}
    ]
  },
  "23": {
    "name": "宝島",
    "background": [
      {"layer":  3, "x":   0, "y":   0, "path":"treasure_island.bg/bg.png"},
      {"layer":  3, "x":1074, "y":   0, "path":"treasure_island.bg/plant1.png"},
      {"layer":  3, "x":   0, "y":   0, "path":"treasure_island.bg/plant2.png"},
      {"layer":  3, "x": 190, "y":  19, "path":"treasure_island.bg/palm_leaves4.png"},
      {"layer":  3, "x": 151, "y": 151, "path":"treasure_island.bg/palm_leaves5.png"},
      {"layer":  3, "x": 244, "y": 107, "path":"treasure_island.bg/palm_leaves6.png"},
      {"layer":  3, "x": 238, "y": 232, "path":"treasure_island.bg/palm_leaves7.png"},
      {"layer":  3, "x": 489, "y": 484, "path":"treasure_island.bg/bonfire_01.png",                  "ani":true},
      {"layer": 10, "x":1218, "y": 132, "path":"treasure_island.bg/palm_leaves1.png"},
      {"layer": 10, "x":1103, "y": 122, "path":"treasure_island.bg/palm_leaves2.png"},
      {"layer": 10, "x":1054, "y":  -5, "path":"treasure_island.bg/palm_leaves3.png"}
    ]
  },
  "24": {
    "name": "劇場",
    "background": [
      {"layer":  2, "x":   0, "y":   0, "path":"theatre.bg/bg.png"},
      {"layer":  3, "x": 711, "y": 357, "path":"theatre.bg/puppets2_shabow.png",                     "type":"none"},
      {"layer":  3, "x": 601, "y": 275, "path":"theatre.bg/puppet1_00.png",                          "ani":true},
      {"layer":  3, "x": 684, "y": 302, "path":"theatre.bg/puppet2_00.png",                          "ani":true},
      {"layer":  4, "x": 611, "y": 359, "path":"theatre.bg/puppets1_cover.png",                      "type":"none"},
      {"layer":  4, "x": 683, "y": 358, "path":"theatre.bg/puppets2_cover.png",                      "type":"none"},
      {"layer":  8, "x":   0, "y":   0, "path":"theatre.bg/glow.png",                                "type":"skip"},
      {"layer": 10, "x": 228, "y": 125, "path":"theatre.bg/glow2.png",                               "type":"skip"},
      {"layer": 20, "x": 265, "y": 220, "path":"theatre.bg/light.png"},
      {"layer": 20, "x": 297, "y": 218, "path":"theatre.bg/light.png"},
      {"layer": 20, "x": 334, "y": 224, "path":"theatre.bg/light.png"},
      {"layer": 20, "x": 367, "y": 215, "path":"theatre.bg/light.png"},
      {"layer": 20, "x": 314, "y": 169, "path":"theatre.bg/light.png"}
    ]
  },
  "25": {
    "name": "森の家",
    "background": [
      {"layer":  2, "x":   0, "y":   0, "path":"forest_house.bg/bg.png"},
      {"layer":  8, "x": 563, "y": 197, "path":"forest_house.bg/glow.png",                           "type":"effect"}
    ]
  },
  "26": {
    "name": "発掘",
    "background": [
      {"layer":  1, "x":   0, "y":   0, "path":"excavations.bg/sky.png"},
      {"layer":  1, "x": 663, "y":  19, "path":"excavations.bg/palm1.png"},
      {"layer":  1, "x": 208, "y":  20, "path":"excavations.bg/palm2.png"},
      {"layer":  2, "x":   0, "y":   0, "path":"excavations.bg/bg.png"},
      {"layer":  7, "x":1053, "y":   0, "path":"excavations.bg/palm3.png"},
      {"layer":  7, "x":   0, "y":   0, "path":"excavations.bg/palm4.png"},
      {"layer":  8, "x":   0, "y":   0, "path":"excavations.bg/glow_1.png",                          "type":"effect"},
      {"layer":  8, "x":   0, "y":   0, "path":"excavations.bg/glow_2.png",                          "type":"effect"}
    ]
  },
  "27": {
    "name": "冬の街路",
    "background": [
      {"layer":  2, "x":   0, "y":   0, "path":"winter_street.bg/bg.png"}
    ]
  },
  "28": {
    "name": "花屋",
    "background": [
      {"layer":  2, "x":   0, "y":   0, "path":"paris.bg/bg.png"}
    ]
  },
  "29": {
    "name": "展望台",
    "background": [
      {"layer":  2, "x":   0, "y":   0, "path":"lighthouse.bg/bg.png"}
    ]
  },
  "30": {
    "name": "宴の広間",
    "background": [
      {"layer":  2, "x":   0, "y":   0, "path":"banquet_hall.bg/bg.png"}
    ]
  },
  "31": {
    "name": "不気味な庭",
    "background": [
      {"layer":  2, "x":   0, "y":   0, "path":"spooky_yard.bg/bg.png"}
    ]
  },
  "32": {
    "name": "不思議なお店",
    "background": [
      {"layer":  2, "x":   0, "y":   0, "path":"wonder_shop.bg/bg.png"}
    ]
  },
  "33": {
    "name": "山のリゾート地",
    "background": [
      {"layer":  2, "x":   0, "y":   0, "path":"mountain_resort.bg/bg.png"},
      {"layer":  6, "x": 437, "y":  39, "path":"mountain_resort.bg/ice_1.png"}
    ]
  },
  "34": {
    "name": "春の祭り",
    "background": [
      {"layer":  2, "x":   0, "y":   0, "path":"spring_festival.bg/bg.png"}
    ]
  },
  "35": {
    "name": "ロックステージ",
    "background": [
      {"layer":  2, "x":   0, "y":   0, "path":"music_hall.bg/bg.png"}
    ]
  },
  "36": {
    "name": "キャンプ場",
    "background": [
      {"layer":  2, "x":   0, "y":   0, "path":"camping_site.bg/bg.png"}
    ]
  },
  "37": {
    "name": "トロピカルイブニング",
    "background": [
      {"layer":  2, "x":   0, "y":   0, "path":"tropical_evening.bg/bg.png"}
    ]
  },
  "38": {
    "name": "農園",
    "background": [
      {"layer":  2, "x":   0, "y":   0, "path":"autumn_farm.bg/bg.png"}
    ]
  },
  "39": {
    "name": "呪われたアトラクション",
    "background": [
      {"layer":  2, "x":   0, "y":   0, "path":"haunted_attraction.bg/bg.png"},
      {"layer":  6, "x": 919, "y": 543, "path":"haunted_attraction.bg/bubble_bubbles_01.png",        "ani":true},
      {"layer":  6, "x": 849, "y": 483, "path":"haunted_attraction.bg/bubble_bubbles_01.png",        "ani":true},
      {"layer":  6, "x": 599, "y": 413, "path":"haunted_attraction.bg/bubble_bubbles_01.png",        "ani":true},
      {"layer":  6, "x": 566, "y":   0, "path":"haunted_attraction.bg/pumpkin_light.png",            "type":"effect"},
      {"layer":  7, "x": 514, "y": 331, "path":"haunted_attraction.bg/smoke_1.png",                  "type":"effect"},
      {"layer":  7, "x": 561, "y": 329, "path":"haunted_attraction.bg/smoke_2.png",                  "type":"skip"},
      {"layer": 10, "x": 419, "y":  25, "path":"haunted_attraction.bg/bat_eyes_1.png",               "type":"skip"},
      {"layer": 10, "x": 571, "y":  50, "path":"haunted_attraction.bg/bat_eyes_2.png",               "type":"skip"},
      {"layer": 10, "x": 734, "y":  28, "path":"haunted_attraction.bg/bat_eyes_3.png",               "type":"skip"},
      {"layer": 10, "x":1087, "y":  79, "path":"haunted_attraction.bg/bat_eyes_4.png",               "type":"skip"},
      {"layer": 10, "x": 331, "y": 254, "path":"haunted_attraction.bg/boiler_smoke_001.png",         "type":"effect", "ani":true},
      {"layer": 10, "x": 476, "y": 315, "path":"haunted_attraction.bg/hand_1.png",                   "type":"skip", "ani":true},
      {"layer": 10, "x": 956, "y": 543, "path":"haunted_attraction.bg/candle_1_1.png",               "type":"skip", "ani":true},
      {"layer": 10, "x":1128, "y": 416, "path":"haunted_attraction.bg/candle_2_1.png",               "type":"skip", "ani":true},
      {"layer": 10, "x": 535, "y": 303, "path":"haunted_attraction.bg/candle_3_1.png",               "type":"skip", "ani":true}
    ]
  },
  "40": {
    "name": "珍しい品々の部屋",
    "background": [
      {"layer":  2, "x":   0, "y":   0, "path":"curiosities_room.bg/bg.png"},
      {"layer": 10, "x": 228, "y":  14, "path":"curiosities_room.bg/light_l.png",                    "type":"effect"},
      {"layer": 10, "x": 671, "y":  14, "path":"curiosities_room.bg/light_r.png",                    "type":"effect"}
    ]
  },
  "41": {
    "name": "豪華急行列車",
    "background": [
      {"layer":  0, "x": 324, "y": 143, "path":"luxury_express.bg/back.png"},
      {"layer":  1, "x": 628, "y": 202, "path":"luxury_express.bg/tree_left_01.png",                 "type":"skip"},
      {"layer":  1, "x": 628, "y": 232, "path":"luxury_express.bg/tree_left_02.png",                 "type":"skip"},
      {"layer":  1, "x": 828, "y": 295, "path":"luxury_express.bg/tree_right_01.png",                "type":"skip"},
      {"layer":  1, "x": 828, "y": 220, "path":"luxury_express.bg/tree_right_02.png",                "type":"skip"},
      {"layer":  2, "x": 628, "y": 182, "path":"luxury_express.bg/telephone_pole_left.png",          "type":"skip"},
      {"layer":  2, "x": 828, "y": 182, "path":"luxury_express.bg/telephone_pole_right.png",         "type":"skip"},
      {"layer":  3, "x":   0, "y":   0, "path":"luxury_express.bg/bg.png"}
    ]
  },
  "42": {
    "name": "クリスマスの祝宴",
    "background": [
      {"layer":  0, "x": 607, "y":   0, "path":"festive_dinner.bg/back.png"},
      {"layer":  2, "x":   0, "y":   0, "path":"festive_dinner.bg/bg.png"},
      {"layer":  3, "x": 357, "y": 406, "path":"festive_dinner.bg/fireplace.png",                    "type":"effect"},
      {"layer":  6, "x": 812, "y":   0, "path":"festive_dinner.bg/garlands.png"},
      {"layer":  6, "x": 278, "y":  55, "path":"festive_dinner.bg/light.png"},
      {"layer":  6, "x": 315, "y":  66, "path":"festive_dinner.bg/light.png"},
      {"layer":  6, "x": 471, "y":  80, "path":"festive_dinner.bg/light.png"},
      {"layer":  6, "x": 557, "y":  80, "path":"festive_dinner.bg/light.png"},
      {"layer":  6, "x": 594, "y": 314, "path":"festive_dinner.bg/light_big.png"},
      {"layer":  6, "x": 639, "y": 310, "path":"festive_dinner.bg/light_big.png"},
      {"layer":  6, "x": 880, "y": 314, "path":"festive_dinner.bg/light_big.png"},
      {"layer":  6, "x": 629, "y":   0, "path":"festive_dinner.bg/snowflakes_00.png",                "ani":true},
      {"layer":  6, "x": 806, "y":   0, "path":"festive_dinner.bg/garlands_flashing_01.png",         "type":"effect", "ani":true}
    ]
  },
  "43": {
    "name": "ウィグワム",
    "background": [
      {"layer":  1, "x":   0, "y":   0, "path":"wigwam.bg/bg.png"},
      {"layer":  6, "x":1037, "y":   0, "path":"wigwam.bg/dreamcatcher.png"},
      {"layer":  6, "x": 857, "y": 497, "path":"wigwam.bg/fire_01.png",                              "type":"effect"},
      {"layer":  6, "x": 857, "y": 497, "path":"wigwam.bg/fire_02.png",                              "type":"skip"}
    ]
  },
  "44": {
    "name": "オレンジ栽培温室",
    "background": [
      {"layer":  1, "x":   0, "y":   0, "path":"winter_garden.bg/back.png"},
      {"layer":  1, "x": 735, "y":  16, "path":"winter_garden.bg/cloud_1.png"},
      {"layer":  1, "x":1044, "y":  19, "path":"winter_garden.bg/cloud_2.png"},
      {"layer":  1, "x": 391, "y":   2, "path":"winter_garden.bg/cloud_3.png"},
      {"layer":  1, "x":   0, "y":   6, "path":"winter_garden.bg/cloud_4.png"},
      {"layer":  2, "x":   0, "y":   0, "path":"winter_garden.bg/bg.png"},
      {"layer":  2, "x": 130, "y":   0, "path":"winter_garden.bg/tree.png"},
      {"layer":  8, "x": 739, "y": 161, "path":"winter_garden.bg/lamp_1.png",                        "type":"effect"},
      {"layer":  8, "x": 307, "y": 151, "path":"winter_garden.bg/lamp_2.png",                        "type":"effect"},
      {"layer":  8, "x": 336, "y":   0, "path":"winter_garden.bg/sun_reys_1.png",                    "type":"skip"},
      {"layer":  8, "x": 336, "y":   0, "path":"winter_garden.bg/sun_reys_2.png",                    "type":"skip"},
      {"layer":  8, "x": 336, "y":   0, "path":"winter_garden.bg/sun_reys_3.png",                    "type":"skip"},
      {"layer":  8, "x": 437, "y":   0, "path":"winter_garden.bg/sun_reys_4.png",                    "type":"effect"},
      {"layer":  8, "x": 531, "y":   0, "path":"winter_garden.bg/sun_reys_5.png",                    "type":"effect"}
    ]
  },
  "45": {
    "name": "ティーコーナー",
    "background": [
      {"layer":  1, "x":   0, "y":   0, "path":"china_herbshop.bg/sky.png"},
      {"layer":  1, "x":  25, "y":  10, "path":"china_herbshop.bg/tree.png"},
      {"layer":  2, "x":   0, "y":   0, "path":"china_herbshop.bg/bg.png"}
    ]
  },
  "46": {
    "name": "酒場",
    "background": [
      {"layer":  1, "x":1107, "y": 193, "path":"western_saloon.bg/back.png"},
      {"layer":  2, "x":   0, "y":   0, "path":"western_saloon.bg/bg.png"},
      {"layer":  2, "x": 737, "y": 295, "path":"western_saloon.bg/piano_1.png",                      "ani":true},
      {"layer":  2, "x":1149, "y": 253, "path":"western_saloon.bg/door_1.png",                       "ani":true},
      {"layer":  8, "x": 462, "y":   0, "path":"western_saloon.bg/anim.png"}
    ]
  },
  "47": {
    "name": "航空博物館",
    "background": [
      {"layer":  0, "x":   0, "y":   0, "path":"hangar.bg/back.png"},
      {"layer":  1, "x": 810, "y": 120, "path":"hangar.bg/cloud1.png",                               "type":"skip"},
      {"layer":  1, "x": 898, "y": 114, "path":"hangar.bg/cloud2.png",                               "type":"skip"},
      {"layer":  1, "x": 878, "y": 132, "path":"hangar.bg/cloud3.png",                               "type":"skip"},
      {"layer":  1, "x": 948, "y": 190, "path":"hangar.bg/cloud4.png",                               "type":"skip"},
      {"layer":  2, "x":   0, "y":   0, "path":"hangar.bg/bg.png"},
      {"layer":  6, "x": 157, "y": 207, "path":"hangar.bg/lamp1.png",                                "type":"effect"},
      {"layer":  6, "x": 484, "y": 226, "path":"hangar.bg/lamp2.png",                                "type":"effect"}
    ]
  },
  "48": {
    "name": "森の人の住処",
    "background": [
      {"layer":  1, "x": 264, "y": 193, "path":"forresters_house.bg/back.png"},
      {"layer":  2, "x":   0, "y":   0, "path":"forresters_house.bg/bg.png"},
      {"layer":  2, "x":1032, "y": 372, "path":"forresters_house.bg/fire_001.png",                   "ani":true},
      {"layer":  6, "x": 969, "y": 401, "path":"forresters_house.bg/armchair.png"},
      {"layer":  6, "x":1114, "y": 232, "path":"forresters_house.bg/glow_1.png",                     "type":"effect"},
      {"layer":  6, "x":1000, "y": 244, "path":"forresters_house.bg/glow_2.png",                     "type":"effect"},
      {"layer":  6, "x": 534, "y":   1, "path":"forresters_house.bg/glow_3.png",                     "type":"effect"}
    ]
  },
  "49": {
    "name": "失われた研究室",
    "background": [
      {"layer":  1, "x": 488, "y":   0, "path":"alchemist_room.bg/sky.png"},
      {"layer":  1, "x": 572, "y": 144, "path":"alchemist_room.bg/cloud_01.png"},
      {"layer":  1, "x": 671, "y": 199, "path":"alchemist_room.bg/cloud_02.png"},
      {"layer":  2, "x":   0, "y":   0, "path":"alchemist_room.bg/bg.png"},
      {"layer":  2, "x": 674, "y": 441, "path":"alchemist_room.bg/bubble_01.png",                    "ani":true},
      {"layer":  2, "x": 251, "y": 195, "path":"alchemist_room.bg/bubbles_01.png",                   "ani":true},
      {"layer":  3, "x":  66, "y": 196, "path":"alchemist_room.bg/aqua_dark.png",                    "type":"skip"},
      {"layer":  6, "x":1024, "y":   0, "path":"alchemist_room.bg/glow_1.png",                       "type":"effect"},
      {"layer":  6, "x": 869, "y": 272, "path":"alchemist_room.bg/glow_2.png",                       "type":"effect"},
      {"layer":  6, "x": 564, "y":  90, "path":"alchemist_room.bg/glow_3.png",                       "type":"effect"},
      {"layer":  6, "x": 830, "y": 458, "path":"alchemist_room.bg/glow_4.png",                       "type":"effect"},
      {"layer":  6, "x":  34, "y":  20, "path":"alchemist_room.bg/glow_5.png",                       "type":"effect"},
      {"layer":  8, "x":  66, "y": 196, "path":"alchemist_room.bg/aqua_light.png",                   "type":"effect"}
    ]
  },
  "50": {
    "name": "船長の船室",
    "background": [
      {"layer": 0, "x": 531,  "y": 160, "path": "nautilus_nemo_room.bg/back.png"},
      {"layer": 1, "x": 228,  "y": 250, "path": "nautilus_nemo_room.bg/fishes.png",                 "type": "skip"},
      {"layer": 1, "x": 1028, "y": 338, "path": "nautilus_nemo_room.bg/fishes_flipped.png",         "type": "skip"},
      {"layer": 2, "x": 0,    "y":   0, "path": "nautilus_nemo_room.bg/bg.png"},
      {"layer": 2, "x": 434,  "y": 599, "path": "nautilus_nemo_room.bg/drop.png",                   "type": "skip"},
      {"layer": 2, "x": 527,  "y": 365, "path": "nautilus_nemo_room.bg/fan_anim_1.png",             "ani": true},
      {"layer": 2, "x": 430,  "y": 621, "path": "nautilus_nemo_room.bg/drop_impact_1.png",          "type": "skip", "ani": true},
      {"layer": 2, "x": 524,  "y": 360, "path": "nautilus_nemo_room.bg/fan_anim_2.png",             "type": "skip"},
      {"layer": 3, "x": 346,  "y": 343, "path": "nautilus_nemo_room.bg/beep_1.png",                 "type": "skip"},
      {"layer": 3, "x": 457,  "y": 346, "path": "nautilus_nemo_room.bg/beep_2.png",                 "type": "skip"},
      {"layer": 3, "x": 455,  "y": 347, "path": "nautilus_nemo_room.bg/beep_3.png",                 "type": "skip"}
    ]
  },
  "51": {
    "name": "船のデッキ",
    "background": [
      {"layer": -1,"x": 0,    "y":   0, "path": "ships_deck.bg/back.png"},
      {"layer": 0, "x": 363,  "y": 105, "path": "ships_deck.bg/cloud_3.png",                        "type": "skip"},
      {"layer": 0, "x": 371,  "y":   0, "path": "ships_deck.bg/cloud_2.png"},
      {"layer": 0, "x": 967,  "y":  10, "path": "ships_deck.bg/cloud_1.png"},
      {"layer": 1, "x": 0,    "y":  24, "path": "ships_deck.bg/flag.png"},
      {"layer": 2, "x": 0,    "y":   0, "path": "ships_deck.bg/bg.png"}
    ]
  },
  "52": {
    "name": "遊び場",
    "background": [
      {"layer": 0, "x": 168,  "y":   0, "path": "playground.bg/back.png"},
      {"layer": 1, "x": 569,  "y":   0, "path": "playground.bg/cloud_1.png"},
      {"layer": 1, "x": 454,  "y":   0, "path": "playground.bg/cloud_2.png",                        "type": "skip"},
      {"layer": 1, "x": 668,  "y":   0, "path": "playground.bg/cloud_3.png",                        "type": "skip"},
      {"layer": 1, "x": 634,  "y":   0, "path": "playground.bg/cloud_4.png",                        "type": "skip"},
      {"layer": 2, "x": 0,    "y":   0, "path": "playground.bg/bg.png"},
      {"layer": 2, "x": 383,  "y": 459, "path": "playground.bg/wheel_ship.png"},
      {"layer": 3, "x": 430,  "y": 481, "path": "playground.bg/wheel_ship_cover.png"}
    ]
  }
}
